{"graph": {"_type": "graph-file", "path": "media/graph/g.r.a.p.h_summary_eea8d47d.graph.json", "sha256": "eea8d47dde5594c2ad904ee8dacecd3c0aea0d6b5645626af21f65bae823e5f8", "size": 464}, "epoch": 49, "val_loss": 2.7675251502990723, "val_accuracy": 0.492000013589859, "loss": 0.008695511601441766, "accuracy": 0.9995741844177246, "_step": 49, "_runtime": 2196, "_timestamp": 1603516152, "best_val_loss": 1.9541417951583862, "best_epoch": 3}