{"graph": {"_type": "graph-file", "path": "media/graph/g.r.a.p.h_summary_caa7cc6d.graph.json", "sha256": "caa7cc6d369819d2beeac9edc0354f18b3def6b7875455d34d027139eaa32d26", "size": 486}, "epoch": 9, "val_loss": 9.070459335327149, "val_accuracy": 0.03999999910593033, "loss": 9.040004303639611, "accuracy": 0.02682563289999962, "_step": 9, "_runtime": 43, "_timestamp": 1603513761, "best_val_loss": 8.569834053039552, "best_epoch": 1}