{"graph": {"_type": "graph-file", "path": "media/graph/g.r.a.p.h_summary_e73ebcf0.graph.json", "sha256": "e73ebcf0bc3b2e7e28a1f953e898082da5a239217853d17eabefa936ab7f62e1", "size": 329}, "epoch": 49, "val_loss": 0.8460910968780517, "val_accuracy": 0.7839999794960022, "loss": 0.0018850277659909756, "accuracy": 1.0, "_step": 49, "_runtime": 17, "_timestamp": 1603513944, "best_val_loss": 0.7230154376029968, "best_epoch": 15}